Colin_Powell\Colin_Powell_0001.jpg Colin_Powell
Tony_Blair\Tony_Blair_0001.jpg Tony_Blair
Donald_Rumsfeld\Donald_Rumsfeld_0001.jpg Donald_Rumsfeld
Gerhard_Schroeder\Gerhard_Schroeder_0001.jpg Gerhard_Schroeder
Ariel_Sharon\Ariel_Sharon_0001.jpg Ariel_Sharon
Hugo_Chavez\Hugo_Chavez_0001.jpg Hugo_Chavez
Junichiro_Koizumi\Junichiro_Koizumi_0001.jpg Junichiro_Koizumi
Jean_Chretien\Jean_Chretien_0001.jpg Jean_Chretien
John_Ashcroft\John_Ashcroft_0001.jpg John_Ashcroft
Serena_Williams\Serena_Williams_0001.jpg Serena_Williams
Bob_Riley\Bob_Riley_0001.jpg Bob_Riley
Bob_Petrino\Bob_Petrino_0001.jpg Bob_Petrino
Bob_Newhart\Bob_Newhart_0001.jpg Bob_Newhart
Bob_Ferguson\Bob_Ferguson_0001.jpg Bob_Ferguson
Bob_Eskridge\Bob_Eskridge_0001.jpg Bob_Eskridge
Bob_Bowlsby\Bob_Bowlsby_0001.jpg Bob_Bowlsby
Bob_Alper\Bob_Alper_0001.jpg Bob_Alper
Blas_Ople\Blas_Ople_0001.jpg Blas_Ople
Bixente_LIzarazu\Bixente_LIzarazu_0001.jpg Bixente_LIzarazu
AJ_Cook\AJ_Cook_0001.jpg AJ_Cook